source,page,factory_name,file,latitude,longitude,organization,year,matched_brands,address,geocoded,brand,num_workers,district,city
Alliance 2014,1.0,"factories) of the Alliance factory list, further highlighting the need for combined efforts on behalf of garment industry workers. By",alliance_2014.pdf,,,Alliance for Bangladesh Worker Safety,2014.0,,"releasing this information, the Alliance for Bangladesh Worker Safety hopes to be taking yet another step towards partnership on",No,,,,
Alliance 2014,2.0,housing in,alliance_2014.pdf,,,Alliance for Bangladesh Worker Safety,2014.0,,,,,,,
Alliance 2014,2.0,multi-purpose,alliance_2014.pdf,,,Alliance for Bangladesh Worker Safety,2014.0,,,,,,,
Alliance 2014,2.0,building,alliance_2014.pdf,,,Alliance for Bangladesh Worker Safety,2014.0,,,,,,,
Alliance 2014,2.0,"* A & A Trousers LTD Haribaritek, Pubail College Gazipur Dhaka 1 2 No No One factory one 1773 1",alliance_2014.pdf,,,Alliance for Bangladesh Worker Safety,2014.0,,"Gate,Pubail, Gazipur building",No,,,,
Alliance 2014,2.0,"ABONI FASHIONS LTD. 23, 24 UNION, TETULJHORA DHAKA Dhaka 6th floor No No Ground floor to 6th 2154 3",alliance_2014.pdf,,,Alliance for Bangladesh Worker Safety,2014.0,"Mango, PVH","HEMAYETPUR, SAVAR floor",No,,,,
Alliance 2014,2.0,"* ABONI KNIT WEAR LTD 169-171 Tetulzhora Union, DHAKA Dhaka 1 7 No No 7 2547 2",alliance_2014.pdf,23.7935258,90.2708736,Alliance for Bangladesh Worker Safety,2014.0,"Primark, Mango, Marks & Spencer, PVH","Hemayetpur,Savar, DHAKA,",Yes,,,,
Alliance 2014,2.0,"* AKH FASHIONS LTD. 133-134, HEMAYETPUR, SAVAR, 3 1 :10, 1 : 1, Yes No Ground ,4th,6th.7th 600 2",alliance_2014.pdf,,,Alliance for Bangladesh Worker Safety,2014.0,,"DHAKA 1 : 1, 1 : 4 ,8th ,9th",No,,,,
Alliance 2014,2.0,"* AKH SHIRTS LTD. 133-134 HEMAYETPUR, SAVAR, SAVAR, 3 1 : 10, 1 : 1, Yes No Ground, 1st, 2nd, 600 1",alliance_2014.pdf,,,Alliance for Bangladesh Worker Safety,2014.0,,"DHAKA, 0, BD DHAKA 1 : 1, 1 : 4 5th ,& 8th floor",No,,,,
Alliance 2014,3.0,factory occupies,alliance_2014.pdf,,,Alliance for Bangladesh Worker Safety,2014.0,,AKH Woven Group 133-134 AKH TowerHemayetpur Dhaka No No 1,No,,,,
Alliance 2014,3.0,"* Alif Garments Ltd 21/22, Babar RoadBlock-B, Dhaka 1/6; No No 350 2",alliance_2014.pdf,,,Alliance for Bangladesh Worker Safety,2014.0,,"Alif Print & EM (Embroidery BangaBandhu Road., Dhaka Dhaka 2 1/1; Yes No 6 1100 2",No,,,,
Alliance 2014,3.0,ALPHA CLOTHING LTD SOUTH DHAKA Dhaka No No 550 1,alliance_2014.pdf,,,Alliance for Bangladesh Worker Safety,2014.0,"C&A, Marks & Spencer, PVH","PANISHAIL,KASHIMPURGAZIPUR,",No,,,,
Alliance 2014,3.0,"AMC Sweater Ltd House# 158/283, Choydana, Gazipur Dhaka 5th No No 680 1",alliance_2014.pdf,,,Alliance for Bangladesh Worker Safety,2014.0,"C&A, Mango","Gazipur, Bangladesh",No,,,,
Alliance 2014,4.0,factory occupies,alliance_2014.pdf,,,Alliance for Bangladesh Worker Safety,2014.0,,* ANANTA DENIM TECHNOLOGY Nayabari Narayangonj Dhaka 2 Yes No 2600 2,No,,,,
Alliance 2014,4.0,"Ananta Jeanswear Ltd Ananta Jeanswear Limited, 277/ Gazipur Dhaka 2 Production No No 2350 1",alliance_2014.pdf,,,Alliance for Bangladesh Worker Safety,2014.0,,"Tongi,Pagar, Gazipur. storied,",No,,,,
Alliance 2014,4.0,"Anzir Apparels Limited, Unit-1 Karim super market, Baipal, all 4 No No 1st to 4th floor 1120 1",alliance_2014.pdf,23.8477,90.2587,Alliance for Bangladesh Worker Safety,2014.0,"Mango, PVH","Savar, Dhaka",Yes,,,,
Alliance 2014,4.0,"* ANZIR APPARELS LTD SOMSHER PLAZA, DEPZ GATE 1 4 No No 2nd, 3rd and 4th 1214 2",alliance_2014.pdf,,,Alliance for Bangladesh Worker Safety,2014.0,Walmart,GANAKBARISAVAR DHAKA 1349 floor,No,,,,
Alliance 2014,5.0,Apex Footwear Limited Mouza- ChandraShafipurKaliakoir Gazipur Dhaka 21 1/1; 2/2; No No All ? 5550 1,alliance_2014.pdf,,,Alliance for Bangladesh Worker Safety,2014.0,Marks & Spencer,"Apex Group Chandora, Kaliakoir, Gazipur, Dhaka No No 1",No,,,,
Alliance 2014,5.0,floor use factory,alliance_2014.pdf,,,Alliance for Bangladesh Worker Safety,2014.0,,"Apollo Stickers Co [New Plot # 649,650 DEPZ Road, Savar Dhaka 2 No No 65 1",No,,,,
Alliance 2014,5.0,"* Apparel Gallery Ltd 144-148, East Narashinghpur, Dhaka 1/6; Yes Yes Basement, Ground 4500 1",alliance_2014.pdf,,,Alliance for Bangladesh Worker Safety,2014.0,,"Ashulia, Savar floor, 1st Floor, 2nd",No,,,,
Alliance 2014,5.0,"* Arefin Textile Mills Ltd. Plot # 20-24, BSCIC Industrial CHITTAGONG 2 No No 7+3 1166 1",alliance_2014.pdf,,,Alliance for Bangladesh Worker Safety,2014.0,,"Area, Patiya,Chittagong,BD",No,,,,
Alliance 2014,6.0,* Armana Apparels Ltd 232-234 Tejgaon Industrial Dhaka Dhaka 1 1/10; Yes Yes 10 1900 1,alliance_2014.pdf,,,Alliance for Bangladesh Worker Safety,2014.0,Mango,AreaDhaka,No,,,,
Alliance 2014,6.0,"ARROW JEANS(PVT) LTD Musa Bhaban ,Port Connecting Chittagong Chittagon n/a 6 stories No No all 681 2",alliance_2014.pdf,22.333778,91.8344348,Alliance for Bangladesh Worker Safety,2014.0,Mango,Chittagong,Yes,,,,
Alliance 2014,6.0,"* Artistic Design Ltd 232-233 NarashinghpurAshulia Dhaka Dhaka 1 1/2, 1/7 Yes No Artistic Design Ltd 3300 3",alliance_2014.pdf,23.8477,90.2587,Alliance for Bangladesh Worker Safety,2014.0,Mango,Savar,Yes,,,,
Alliance 2014,6.0,"* Arunima Sportswear Ltd. Dewan idreis Zirabo Ashulia Dhaka 4 1 is 9 Yes No Building =01, 3650 4",alliance_2014.pdf,,,Alliance for Bangladesh Worker Safety,2014.0,,"BazarPukurbar, Ashulia, Savar storied, 1 is Storied = 09",No,,,,
Alliance 2014,6.0,"Ashiana Garments Ind. Ltd 2/1 East Rampura, D.I.T. Road, No No 500 1",alliance_2014.pdf,23.7643863,90.3890144,Alliance for Bangladesh Worker Safety,2014.0,Mango,Dhaka-1219,Yes,,,,
Alliance 2014,6.0,"* Asif Apparels Ltd. Plot #1381, Kashimpur Rd., Gazipur Dhaka 1 7 No No all 1430 1",alliance_2014.pdf,,,Alliance for Bangladesh Worker Safety,2014.0,"C&A, PVH",KonabariGazipur,No,,,,
Alliance 2014,7.0,"* ASWAD COMPOSITE MILLS LTD. Kabirpur, Savar, Dhaka., Dhaka,, DHAKA 1 5 No No all 1861 1",alliance_2014.pdf,,,Alliance for Bangladesh Worker Safety,2014.0,,"Bangladesh, DHAKA, 0, 1449, BD",No,,,,
Alliance 2014,7.0,"* Athletic Support Ltd 2nd, 3rd, 7th Floor, Village: Gazipur 1/2/6; 10 No No All 4000 1",alliance_2014.pdf,23.9901613,90.3834909,Alliance for Bangladesh Worker Safety,2014.0,Walmart,(Chandna) Gazipur Sadar,Yes,,,,
Alliance 2014,7.0,"ATS Apparels Ltd 414, Kochakuri, Gazipur Dhaka 1 6 No No All floor 2250 5",alliance_2014.pdf,,,Alliance for Bangladesh Worker Safety,2014.0,,"TelirchalaMouchak, Gazipur",No,,,,
Alliance 2014,7.0,"* ATS Pearl Ltd Sector 4, Plot #50, Sector#8, Chttagong 3 No No 1/3; 1703 3",alliance_2014.pdf,22.3232394,91.7755929,Alliance for Bangladesh Worker Safety,2014.0,,"Halishahar,Chittagong",Yes,,,,
Alliance 2014,7.0,"* Ayesha Clothing Co. Ltd. Jamgara, Ashulia Savar Dhaka Dhaka No No 3627 4",alliance_2014.pdf,24.4769288,90.2934413,Alliance for Bangladesh Worker Safety,2014.0,"Primark, Mango",Bangladesh,Yes,,,,
Alliance 2014,7.0,"* B.H.I.S. Apparels Ltd. 671 Dutta Para, Hossain Market, Gazipur Dhaka 3 1/6; 2/3; 3/1 No No ""fully Own building 2450 1",alliance_2014.pdf,,,Alliance for Bangladesh Worker Safety,2014.0,,Tongi. Gazipur. * Gr. Fl.,No,,,,
Alliance 2014,8.0,"* Babylon Casualwear Ltd. PLOT NO 23-24,UNION Dhaka 2 3 No No 3 storied 1035 1",alliance_2014.pdf,,,Alliance for Bangladesh Worker Safety,2014.0,,SAVAR floor-finishing &,No,,,,
Alliance 2014,8.0,"* BABYLON DRESSES LTD Plot 2-B/1, Darussalam Road, DHAKA Dhaka 5 Total Yes No Basement------- 1986 2",alliance_2014.pdf,,,Alliance for Bangladesh Worker Safety,2014.0,,"Mirpur, Dhaka,Bangladesh. building 10 Accessories",No,,,,
Alliance 2014,8.0,"* Bando Design Ltd. Narsingpur, Ashulia Road Savar, Dhaka No No 1",alliance_2014.pdf,23.7643863,90.3890144,Alliance for Bangladesh Worker Safety,2014.0,Mango,Dhaka,Yes,,,,
Alliance 2014,8.0,* BANDO FASHIONLTD BADE KALAMESHAR KB BAZAR DHAKA Dhaka 0 7 No No 7 2500 2,alliance_2014.pdf,23.9997558,90.4173629,Alliance for Bangladesh Worker Safety,2014.0,Mango,"GAZIPUR, DHAKA, 0, BD",Yes,,,,
Alliance 2014,9.0,factory occupies,alliance_2014.pdf,,,Alliance for Bangladesh Worker Safety,2014.0,,"Bangladesh Pou Hung Industrial Plots No. 20-36, Sector- Chittagong Chittagon No No 1700 1",No,,,,
Alliance 2014,9.0,"Limited 1,Karnaphuli EPZ,Karnafully EPZ, g",alliance_2014.pdf,,,Alliance for Bangladesh Worker Safety,2014.0,,"* BANGLADESH SPINNERS & PLOT #6-11, SECTOR - Chittagong Chittagon 3 1/3, 2/2. 3/4 Yes No All 1750 1",No,,,,
Alliance 2014,9.0,"Benchmark Apparels Limited Khoaznagar, Azimpara, CHITTAGONG Chittagon 1 3 No No 550 2",alliance_2014.pdf,,,Alliance for Bangladesh Worker Safety,2014.0,,"Karnaphully, CHITTAGONG, 0, BD g",No,,,,
Alliance 2014,9.0,"* Beximco Fashions Ltd FS – SFB # 2, Dhaka Export Dhaka No No 1",alliance_2014.pdf,,,Alliance for Bangladesh Worker Safety,2014.0,"Mango, PVH","Processing ZoneGanakbari, Savar",No,,,,
Alliance 2014,10.0,factory occupies,alliance_2014.pdf,,,Alliance for Bangladesh Worker Safety,2014.0,,"BOHEMIAN TRAVEL GEAR Plot # 30-32, Sector 3, Karnaphuli Chittagong 1 No No 1020 2",No,,,,
Alliance 2014,10.0,"Bonny Apparels (PVT) Ltd, Unit 2 1 Chowdhurypara (3rd floor)D.I.T. Dhaka Dhaka N/A Yes Yes 3rd & 6th floor 300 1",alliance_2014.pdf,,,Alliance for Bangladesh Worker Safety,2014.0,,"* BP Wears B-189, BSCIC Industrial Estate, Gazipur Dhaka 1 4 Yes No 1st floor to 3rd 850 1",No,,,,
Alliance 2014,10.0,"BSA APPARELS LIMITED PLOT#D 9-12, BLOCK#B, CHITTAGONG No No 1",alliance_2014.pdf,,,Alliance for Bangladesh Worker Safety,2014.0,,"FOUZDARHAT I/, CHITTAGONG,",No,,,,
Alliance 2014,10.0,"BSA FASHION LIMITED HOLDING#122/123, PLOT#C-13- CHITTAGONG No No 1",alliance_2014.pdf,22.2693121,91.7881508,Alliance for Bangladesh Worker Safety,2014.0,Mango,"I/A, CHITTAGONG, 0, BD",Yes,,,,
Alliance 2014,10.0,"C & A FASHION LIMITED PLOT 61,62 BSCIC INDUSTRIAL No No 1",alliance_2014.pdf,,,Alliance for Bangladesh Worker Safety,2014.0,Mango,"EXTN,CHITTAGONG 4200",No,,,,
Alliance 2014,10.0,"Campex (BD) Ltd BLDG No DS-1,Sector 1,Road Chittagong Chittagon Nil N/A No No Our factory is 968 3",alliance_2014.pdf,,,Alliance for Bangladesh Worker Safety,2014.0,,"2,CEPZChittagong Economic g situated in an",No,,,,
Alliance 2014,11.0,CDF Designs Ltd 348/B Tejgaon Industrial Dhaka Dhaka 1 N/A Yes No 4th to 5th 621 1,alliance_2014.pdf,,,Alliance for Bangladesh Worker Safety,2014.0,Mango,AreaDhaka-1208,No,,,,
Alliance 2014,11.0,* Chancellor Garments Ltd. 295/JA/4 Dhaka No No 1,alliance_2014.pdf,,,Alliance for Bangladesh Worker Safety,2014.0,,Checkpoint Systems Bangladesh ADAMJEE EXPORT PROCESSING DHAKA No No 1,No,,,,
Alliance 2014,11.0,"Limited ZONE,, PLOT#37&56, ADAMJEE",alliance_2014.pdf,,,Alliance for Bangladesh Worker Safety,2014.0,,"NARAYANGAJ,DHAKA, DHAKA, 0,",No,,,,
Alliance 2014,12.0,factory occupies,alliance_2014.pdf,,,Alliance for Bangladesh Worker Safety,2014.0,,"* CLIFTON COTTON MILLS CDA PLOT # D28, 28-D/1, 28- CHITTAGONG 2 1/5; Shade No No 1/G, M, 1, 2, 3, 4, 5; 1600 3",No,,,,
Alliance 2014,12.0,"CONVINCE APPARELS LTD PLOT NO 68-71, BLOCK - K, No No 1",alliance_2014.pdf,,,Alliance for Bangladesh Worker Safety,2014.0,Mango,"DHAKA-1216, BANGLADESH",No,,,,
Alliance 2014,12.0,"* Copper Company, Ltd. FS-SFB, 1 Floor Both Chittagong No No 201 1",alliance_2014.pdf,,,Alliance for Bangladesh Worker Safety,2014.0,Walmart,WingsChittagong Export,No,,,,
Alliance 2014,13.0,"* Cortz Apparels Ltd. Unit 2 Nawjor, Kadda Bazar, Gazipur. Dhaka No No 1181 1",alliance_2014.pdf,24.4769288,90.2934413,Alliance for Bangladesh Worker Safety,2014.0,"Primark, Mango",Bangladesh,Yes,,,,
Alliance 2014,13.0,"* Cotton Field BD Ltd. Shima Complex, Plot-23, Sataish Tongi Dhaka all 7 No No 7 1283 1",alliance_2014.pdf,23.9116021,90.3787298,Alliance for Bangladesh Worker Safety,2014.0,"Mango, PVH","Road, Gazipura, Tongi, Gazipur",Yes,,,,
Alliance 2014,13.0,"* COTTON HARVEST LTD PLOT # 4, KADAMTALI, No No 1",alliance_2014.pdf,,,Alliance for Bangladesh Worker Safety,2014.0,"Walmart, Mango","SHAMPUR, DHAKA-1204,",No,,,,
Alliance 2014,13.0,"Creative Collection Ltd Plot# 69 & 70, Nishat Gazipur Dhaka No No 2",alliance_2014.pdf,,,Alliance for Bangladesh Worker Safety,2014.0,PVH,NagorTongiGazipur,No,,,,
Alliance 2014,13.0,"* Creative Wool Wear Ltd. 3/B, Darus Salam Road, Mirpur-1, DHAKA 2 5 No No all 1100 1",alliance_2014.pdf,23.7643863,90.3890144,Alliance for Bangladesh Worker Safety,2014.0,Mango,"DHAKA, BD",Yes,,,,
Alliance 2014,14.0,"CROWN MILLS (BD) LTD. PLOT NOS. 17-19 & 36-38, CHITTAGONG Chittagon 2/1; 4 No No 1/4, Shed-1 1045 1",alliance_2014.pdf,,,Alliance for Bangladesh Worker Safety,2014.0,,"SECTOR 2, CHITTAGONG, CH, BD g",No,,,,
Alliance 2014,14.0,"Crystal Impression Ltd. South Salna, Gazipur Dhaka 1 1/1; No No 1 56 1",alliance_2014.pdf,,,Alliance for Bangladesh Worker Safety,2014.0,"Walmart, Mango",SadarGazipur,No,,,,
Alliance 2014,14.0,"* Cutting Edge Industries Ltd 1612,Dhakin SalnaSalna Gazipur Dhaka 2 1/6, 2/1 No No 1/6,2/1 2500 3",alliance_2014.pdf,,,Alliance for Bangladesh Worker Safety,2014.0,Walmart,BazarGazipur Sadar,No,,,,
Alliance 2014,14.0,"* D&S Pretty Fashions Ltd. Pretty Square, South Salna, Gazipur Dhaka All 6 No No All floors 3000 1",alliance_2014.pdf,23.9997558,90.4173629,Alliance for Bangladesh Worker Safety,2014.0,"Primark, Walmart, Mango",Gazipur,Yes,,,,
Alliance 2014,14.0,"* Daeyu Bangladesh Ltd. 731, Bhannara, Mouchak, Dhaka 1 2 No No 2 (two) 1000 1",alliance_2014.pdf,,,Alliance for Bangladesh Worker Safety,2014.0,"Marks & Spencer, PVH",KaliakoirGazipur,No,,,,
Alliance 2014,14.0,"Daf Knitwears Ltd 135/142, Nasirabad I/A, Baizid Chittagong Chittagon 2 Building 1 : 5 No No Whole Building 1350 1",alliance_2014.pdf,,,Alliance for Bangladesh Worker Safety,2014.0,,"Bostami Road,Chittagong g storied,",No,,,,
Alliance 2014,14.0,"* Dana Sweater Industries Ltd Solidubi, Kashimpur, Gazipur, DHAKA 1 1/2; No No 2393 1",alliance_2014.pdf,23.7643863,90.3890144,Alliance for Bangladesh Worker Safety,2014.0,Mango,"DHAKA, 0, BD",Yes,,,,
Alliance 2014,14.0,Delta Fashions Ltd Fleet Club Cum Shopping Chittagong Chittagon 1 1/7; No No 7 stories 1250 1,alliance_2014.pdf,,,Alliance for Bangladesh Worker Safety,2014.0,Mango,BondorChittagong,No,,,,
Alliance 2014,14.0,"* DELUXE FASHIONS LTD. 178/179 BAIZID BOSTAMI ROAD, CHITTAGONG Chittagon 6 1/8; 2/5; Yes No All Floor 2952 3",alliance_2014.pdf,,,Alliance for Bangladesh Worker Safety,2014.0,,"I/AChittagong SHED1/1,",No,,,,
Alliance 2014,15.0,"* DENIM PLUS (BD) LTD Plot 3-8, Sector 7, Chittagong CHITTAGONG No No 1",alliance_2014.pdf,,,Alliance for Bangladesh Worker Safety,2014.0,,Denim Processing Plant ZorpulWest Dhaka Dhaka No No No Three floors: 202 1,No,,,,
Alliance 2014,15.0,"DESIGN & SOURCE LTD 30 KAWRAN BAZAR C/A, DHAKA No No 1",alliance_2014.pdf,22.6839448,91.789139,Alliance for Bangladesh Worker Safety,2014.0,"Primark, Mango",1215 BANGLADESH,Yes,,,,
Alliance 2014,15.0,* Dhakarea Limited (Yupoong Inc.) 23-27 Dhaka Export Processing Dhaka No No 3161 2,alliance_2014.pdf,,,Alliance for Bangladesh Worker Safety,2014.0,PVH,"GanakbariAshulia, Dhaka.",No,,,,
Alliance 2014,16.0,factory occupies,alliance_2014.pdf,,,Alliance for Bangladesh Worker Safety,2014.0,,"TOWN, DHAKA-1212,",No,,,,
Alliance 2014,16.0,"* DODY EXPORTWEAR LTD Sattar Tower,Kunia,, Gazipur GAZIPUR Dhaka 1 1/10; No No Rented building- 1064 1",alliance_2014.pdf,,,Alliance for Bangladesh Worker Safety,2014.0,,"Sadar,Gazipur, BANGLADESH, 0, ground floor to Ten",No,,,,
Alliance 2014,16.0,"* Doreen Garments Ltd 50-60, Dakkhin Panishail. N.K. 5 No No first 4 floors 2300 1",alliance_2014.pdf,,,Alliance for Bangladesh Worker Safety,2014.0,"C&A, PVH","Link Road,Kashimpur,Gazipur",No,,,,
Alliance 2014,16.0,"* DRAGONS SWEATER (BD) LTD 25/2, D.I.T. ROAD,, MALIBAGH DHAKA No No 1",alliance_2014.pdf,23.6645577,90.3864814,Alliance for Bangladesh Worker Safety,2014.0,,"CHOWDHURY PARA, DHAKA-",Yes,,,,
Alliance 2014,16.0,"Dressmen Apparels Limited Pallirani, Chandra, Savar 4 Bld#1 is 9 Yes No 2, 5, 8 (floor 8 is 2000 3",alliance_2014.pdf,,,Alliance for Bangladesh Worker Safety,2014.0,,KaliakoirMouza Bhataria Gazipur (production); shared with,No,,,,
Alliance 2014,16.0,"* Ducati Apparels KATHGORA,ASULIA, Dhaka 3 1/2, 1/1, 1/1 No No 1",alliance_2014.pdf,23.8477,90.2587,Alliance for Bangladesh Worker Safety,2014.0,"Mango, PVH","SAVAR,DHAKA",Yes,,,,
Alliance 2014,17.0,"EASTERN KNIT WEAR LIMITED 61/B-2, F I TOWER, BALURTAL, CHITTAGONG Chittagon 1 1/6; No No Ground floor to 5th 930 1",alliance_2014.pdf,22.6839448,91.789139,Alliance for Bangladesh Worker Safety,2014.0,Mango,CHITTAGONG. BANGLADESH.,Yes,,,,
Alliance 2014,17.0,"Eden Apparels Ltd Ka-59, Joar Sahara Bazar, Dhaka Dhaka 2 6 Yes No All Floors 3629 2",alliance_2014.pdf,,,Alliance for Bangladesh Worker Safety,2014.0,,KhilkhetDhaka Cantonment,No,,,,
Alliance 2014,17.0,"* EH FABRICS LIMITED 221-225,SATAISH Gazipur 1 2 No No 7 floor 1650 1",alliance_2014.pdf,,,Alliance for Bangladesh Worker Safety,2014.0,,"ROAD,KHORTOILGAZIPURA",No,,,,
Alliance 2014,17.0,"* EHSAN GARMENT LTD. KUNIA PACHAR(TARGACH), DHAKA 1 No No 1 of 7 1700 3",alliance_2014.pdf,,,Alliance for Bangladesh Worker Safety,2014.0,Mango,"K.B.Bazar,Tongi, Gazipur, DHAKA,",No,,,,
Alliance 2014,17.0,"* Elite Garments Industries Ltd Bade Kalemasher, K.B Bazar, 5 Bld#1 is 3; No No All 1450 1",alliance_2014.pdf,,,Alliance for Bangladesh Worker Safety,2014.0,,GazipurMotijheel C/A Bld#2 is 4;,No,,,,
Alliance 2014,17.0,"* Energypac Fashions Ltd Hotapara, Bokran, Gazipur 1 4 No No 1052 2",alliance_2014.pdf,,,Alliance for Bangladesh Worker Safety,2014.0,"C&A, Primark, Marks & Spencer, PVH","MonipurGazipur Sadar, Gazipur",No,,,,
Alliance 2014,17.0,"* Envoy Design Ltd. Diakhali, Yearpur, Jamgara, Dhaka Dhaka No No 1",alliance_2014.pdf,23.8969898,90.3289577,Alliance for Bangladesh Worker Safety,2014.0,Mango,"Ashulia, Savar",Yes,,,,
Alliance 2014,18.0,"Esquire Accessories Limited Jamaldi, Gozaria, Munsigonj, Munshigonj Dhaka 2 building - 1 = No No 3 524 1",alliance_2014.pdf,,,Alliance for Bangladesh Worker Safety,2014.0,,"DHAKA, 0, BD 2 stories",No,,,,
Alliance 2014,19.0,"* EUSEBIO SPORTING (BD) LTD. Plot#38-47, karnaphuli EPZ, North CHITTAGONG Chittagon 4 Building No- No No Building No-1 2926 1",alliance_2014.pdf,,,Alliance for Bangladesh Worker Safety,2014.0,,"Patenga, CHITTAGONG, 0, 4204, g 1 [Shed] - [Shed]",No,,,,
Alliance 2014,19.0,"* Eve Dress Shirt Limited Anowar Jung Road, Holding #219, Savar Dhaka 1 (1) 6TH Yes No Ground to 3rd Floor 1,182 1",alliance_2014.pdf,,,Alliance for Bangladesh Worker Safety,2014.0,,"Ward # 05, Block #A,Ashulia, FLOOR (2)",No,,,,
Alliance 2014,19.0,"* EVERBRIGHT SWEATER LTD KATHGORA BAZAR, ZIRABO, SAVAR Dhaka 2 6, 3 No No N/A 1150 1",alliance_2014.pdf,23.8477,90.2587,Alliance for Bangladesh Worker Safety,2014.0,,"SAVAR, 1341, BD",Yes,,,,
Alliance 2014,20.0,Dress Shirts Ltd,alliance_2014.pdf,,,Alliance for Bangladesh Worker Safety,2014.0,,"* EXPERIENCE CLOTHING PLOT NO 72, DPEZ, SAVAR, Dhaka 2 1 buildings 5 No No Fabric Store & 2950 1",No,,,,
Alliance 2014,20.0,"Express Washing & Dyeing Ltd 144-148, East Narashinghpur, Ashulia, Savar Dhaka No No 1",alliance_2014.pdf,23.8969898,90.3289577,Alliance for Bangladesh Worker Safety,2014.0,Mango,"Ashulia, Savar",Yes,,,,
Alliance 2014,20.0,"* Fahami Industries Ltd Fahami Complex, 113 Baipail Savar Dhaka 3 3 Yes No All 4419 2",alliance_2014.pdf,23.905723,90.323151,Alliance for Bangladesh Worker Safety,2014.0,Mango,Ashulia Savar,Yes,,,,
Alliance 2014,20.0,DHAKA - 1208 FACTORY: MOUZA,alliance_2014.pdf,24.2202173,90.411811,Alliance for Bangladesh Worker Safety,2014.0,"C&A, Primark, Marks & Spencer, PVH","- KEWA, SREEPUR, GAZIPUR",Yes,,,,
Alliance 2014,20.0,"* Familytex (BD) Limited PLOT # 47-48,ROAD #5,SEC #4, Chittagong Chittagon N/A 5 No No all of 5 1353 2",alliance_2014.pdf,,,Alliance for Bangladesh Worker Safety,2014.0,Mango,"CEPZ,Chittagong g",No,,,,
Alliance 2014,20.0,"FAREAST DRESSES LTD 1/11, AHMED NAGAR, SECTION- DHAKA Dhaka 1 1/5; No No All 1547 2",alliance_2014.pdf,,,Alliance for Bangladesh Worker Safety,2014.0,Mango,"2MRPUR, DHAKA-1216",No,,,,
Alliance 2014,20.0,"FARMIN FASHION DESIGN LTD 154 KAMRABAD, ATURAR DEPOT, Chittagon 3 1/5; 2/3; 3/2 No No 1234 2",alliance_2014.pdf,22.6839448,91.789139,Alliance for Bangladesh Worker Safety,2014.0,Mango,CHITTAGONG BANGLADESH g,Yes,,,,
Alliance 2014,21.0,"* FARR CERAMICS LTD NAULAPARA,BHABANIPUR, Dhaka 3 Oldest No No Ground floor (Steel 1522 1",alliance_2014.pdf,,,Alliance for Bangladesh Worker Safety,2014.0,,GAZIPUR building was structure shade,No,,,,
Alliance 2014,21.0,"* Fashion Store Ltd. 81, Kalmessar, ""Jalal Shopping Gazipur Dhaka 1 6 Yes Yes 3rd floor to 5th 884 1",alliance_2014.pdf,,,Alliance for Bangladesh Worker Safety,2014.0,,"Complex"" Board Bazar, Gazipur. floor",No,,,,
Alliance 2014,21.0,"* Fashionit Company Limited Hazi Hamidullah Mansion, Dhaka 1 1/10; No No 1st floor to 7th 1425 3",alliance_2014.pdf,,,Alliance for Bangladesh Worker Safety,2014.0,PVH,"JamgaraAshulia, Saver floor",No,,,,
Alliance 2014,21.0,"* FCI BD, Ltd. Plot-36-39 Dhaka Export Dhaka Dhaka No No 2090 1",alliance_2014.pdf,,,Alliance for Bangladesh Worker Safety,2014.0,"Mango, PVH","Processing ZoneGanakbari, Savar",No,,,,
Alliance 2014,21.0,"Friends Stylewear Ltd 411,Majukhan, Harbaid, Gazipur 5 1/1.1/1,1/1, No No 1/2; 770 1",alliance_2014.pdf,,,Alliance for Bangladesh Worker Safety,2014.0,Mango,"Pubail,Gazipur 1/1,1/1",No,,,,
Alliance 2014,22.0,* G H Haewae Co. Ltd. Plot No. 19-24Sector Chittagong Chittagon 1 No No 3200 2,alliance_2014.pdf,,,Alliance for Bangladesh Worker Safety,2014.0,Marks & Spencer,"8 ,Chittagong Export Processing g",No,,,,
Alliance 2014,22.0,"* Geebee (Bangladesh) Limited Plot No.: 74-77, Sector -02, Chittagong Chittagon No No 1330 1",alliance_2014.pdf,22.3244373,91.8032558,Alliance for Bangladesh Worker Safety,2014.0,Mango,"Chittagong - 4204, Bangladesh",Yes,,,,
Alliance 2014,22.0,"GENESIS WASHING LTD Kodda Nandun,Kodda Baza, Konabari, Dhaka 1 1/1 No No 1 story 1570 1",alliance_2014.pdf,,,Alliance for Bangladesh Worker Safety,2014.0,PVH,Gazipur SadarGazipur Gazipur 1/2,No,,,,
Alliance 2014,22.0,"* Givensee Garments Ltd Bishia, Kuribari, Bokran, Monipur, Gazipur. Dhaka 3 One, Ground No No 1610 3",alliance_2014.pdf,,,Alliance for Bangladesh Worker Safety,2014.0,"Primark, PVH","Bhabanipur, Gazipur floor.",No,,,,
Alliance 2014,23.0,"* Global Merchant BD Ltd. Baimail, Konabari, Joydebpur, Konabari No No 1588 1",alliance_2014.pdf,23.9997558,90.4173629,Alliance for Bangladesh Worker Safety,2014.0,"Primark, Walmart, Mango",Gazipur,Yes,,,,
Alliance 2014,23.0,"Global Nassa Wear Ltd 4, Tayabpur, NishcintopurZirabo Savar Dhaka 1 1 Yes No 1st Floor 3936 1",alliance_2014.pdf,23.8477,90.2587,Alliance for Bangladesh Worker Safety,2014.0,Mango,Savar,Yes,,,,
Alliance 2014,23.0,"* Global Outerwear Ltd [Washing South Krishnapur,Beruliaroad, Savar Dhaka 1 No No 1st 750 1",alliance_2014.pdf,23.9854546,90.2207492,Alliance for Bangladesh Worker Safety,2014.0,,Unit] Savar,Yes,,,,
Alliance 2014,23.0,"* Glory Fashionwear Ltd Degerchala Rd, ChoidanaNational Gazipur Dhaka 10 story Yes No all 1900 1",alliance_2014.pdf,,,Alliance for Bangladesh Worker Safety,2014.0,,University GazipurFloors 2 and 3 (Only one,No,,,,
Alliance 2014,24.0,"* GMS Composite Knitting Ind. Ltd Shardagonj, Kashimpur Gazipur Dhaka 7 Building-01 No No all 13385 1",alliance_2014.pdf,,,Alliance for Bangladesh Worker Safety,2014.0,,"GOKALDAS IMAGES FS SFB-2, KARNAPHULI EPZ CHITTAGONG Chittagon 2 one No No all 1172 2",No,,,,
Alliance 2014,24.0,"* GoldTex Garments Ltd. Plot No. 98-100Dhaka Export Dhaka 4 Bld#1 is 3; Yes No Bld#1: 1,2,3; Bld#2: 2400 3",alliance_2014.pdf,,,Alliance for Bangladesh Worker Safety,2014.0,,"Processing Zone, Savar Bld#2 is 4; 2,3,4; Bld#3:",No,,,,
Alliance 2014,24.0,"GREEN TEXTILE LIMITED Nijuri Bazar,Baraid ,2 no Mymensing No No 722 2",alliance_2014.pdf,,,Alliance for Bangladesh Worker Safety,2014.0,,"(BANGLADESH) Madurai,BhalukaMymensingh,Dh",No,,,,
Alliance 2014,25.0,* H.B. Fashions Ltd 590 Colonel Jones RoadNorth Chittagong Chittagon No No 650 1,alliance_2014.pdf,,,Alliance for Bangladesh Worker Safety,2014.0,,KattaliPahartali Chittagong g,No,,,,
Alliance 2014,25.0,"Haesong Sweater Ltd. Hizalhati,Baroipara, Kalaikoir, BANGLADESH Dhaka 1 6 storied No No n/a 2850 1",alliance_2014.pdf,,,Alliance for Bangladesh Worker Safety,2014.0,Mango,"Gazipur, BANGLADESH, 0, 1750,",No,,,,
Alliance 2014,25.0,"Hangers PLUS (BD) Ltd. 196/197 DEPZ Extention Area, DHAKA No No 1",alliance_2014.pdf,,,Alliance for Bangladesh Worker Safety,2014.0,"C&A, Walmart, Mango, Marks & Spencer, PVH","Ganakbari, Savar, DHAKA, 0,",No,,,,
Alliance 2014,25.0,"* Hemple Rhee Mfg Co (BD) Ltd Plot # 23-24, Sector # 06 Chittagong 1 3 No No All floors 1933 3",alliance_2014.pdf,22.2933273,91.7817791,Alliance for Bangladesh Worker Safety,2014.0,Marks & Spencer,Chittagong Export Processing,Yes,,,,
Alliance 2014,26.0,* HKD International (CEPZ) Ltd Plot No. 49-55 Sector No. 8.Plot Chittagong. 3 1/3; 1/3; 1/3 No No 2397 3,alliance_2014.pdf,,,Alliance for Bangladesh Worker Safety,2014.0,C&A,No. 1 Sector No. 4/A.Chittagong,No,,,,
Alliance 2014,26.0,"HK-TG Garments 590 Colonnel Jones Road, North No No 312 1",alliance_2014.pdf,,,Alliance for Bangladesh Worker Safety,2014.0,,"Kattali, Pahartoli, Chittagong",No,,,,
Alliance 2014,26.0,"* Honeywell Garments Ltd PLOT # 1010,1011- Dhaka 5 No Yes 2 Floor for 543 2",alliance_2014.pdf,,,Alliance for Bangladesh Worker Safety,2014.0,"C&A, Marks & Spencer, PVH","BAGHIAKONABARI,GAZIPUR -",No,,,,
Alliance 2014,26.0,"* HONG KONG DENIM (PVT) LTD. PLOT#9-14,21-26 SECTOR CHITTAGONG Chittagon 0 No No All 2870 1",alliance_2014.pdf,22.2737081,91.7852986,Alliance for Bangladesh Worker Safety,2014.0,Mango,(KEPZ)Chittagong,Yes,,,,
Alliance 2014,26.0,"* Hop Yick Bangladesh Limited Plot: 61-65, Dhaka EPZ DHAKA 1 3 No No all 2856 2",alliance_2014.pdf,,,Alliance for Bangladesh Worker Safety,2014.0,,"(Old),Dhaka Export Processing",No,,,,
Alliance 2014,26.0,"* HYPOID COMPOSITE KNIT LTD 176 SOUTH KRISNAPUR, DHAKA No No 1",alliance_2014.pdf,,,Alliance for Bangladesh Worker Safety,2014.0,"C&A, Mango, PVH","RAJASHON SAVAR, DHAKA, 0,",No,,,,
Alliance 2014,26.0,"LTD. 1,BSCIC Industrial estate, Extd,",alliance_2014.pdf,22.3957645,91.8817398,Alliance for Bangladesh Worker Safety,2014.0,Mango,"Kalurghat, Chittagong.",Yes,,,,
Alliance 2014,26.0,"GARMENTS FL. C&B MOOR, CHANDGOAN,",alliance_2014.pdf,22.3957645,91.8817398,Alliance for Bangladesh Worker Safety,2014.0,Mango,"KALURGHAT, CHITTAGONG,",Yes,,,,
Alliance 2014,27.0,"Factory Road, Shampur,",alliance_2014.pdf,,,Alliance for Bangladesh Worker Safety,2014.0,,"Kadamtoli I/A, Dhaka",No,,,,
Alliance 2014,27.0,"INDEPENDENT APPARELS LTD 21/27, BAIZED BOSTAMI ROAD, CHITTAGONG 3 BUILDING No No 1100+ 2",alliance_2014.pdf,,,Alliance for Bangladesh Worker Safety,2014.0,Mango,"CHITTAGONG, BD STORIES",No,,,,
Alliance 2014,27.0,"* Interlink Apparels Limited Plot#1619-21, Vogra, Joydebpur, Gazipur Dhaka 1 1 No No 1175 1",alliance_2014.pdf,23.9997558,90.4173629,Alliance for Bangladesh Worker Safety,2014.0,"Primark, Walmart, Mango",Gazipur,Yes,,,,
Alliance 2014,27.0,"Ltd and Magnum BD (Pvt.) Ltd Gazipur, Bangladesh, DHAKA, 0,",alliance_2014.pdf,,,Alliance for Bangladesh Worker Safety,2014.0,,* International Trading Services Civil Engineer's City- Gazipur 2 1/6; 2/11 Yes No 5th floor & 8th floor 14000 1,No,,,,
Alliance 2014,28.0,"* Intex Link Garments (BD) LTD Plot No A38-39,BSCIS Industrial CHITTAGONG Chittagon all 1/5; No No 1st to 4th floors 350 5",alliance_2014.pdf,,,Alliance for Bangladesh Worker Safety,2014.0,Mango,"ChittagongBangladesh,",No,,,,
Alliance 2014,28.0,"* Intimate Apparels Ltd Plot 92-93, Karnaphuli EPZ, CHITTAGONG Chittagon 1 3 No No n/a 2222 2",alliance_2014.pdf,,,Alliance for Bangladesh Worker Safety,2014.0,Mango,"CHITTAGONG, 0, BD g",No,,,,
Alliance 2014,28.0,"INTIMATE SUPPLIERS LTD EXPORT PROCESSING ZONE, PLOT DHAKA No No 1",alliance_2014.pdf,23.8477,90.2587,Alliance for Bangladesh Worker Safety,2014.0,,"NO. 134, SAVAR, DHAKA, DHAKA,",Yes,,,,
Alliance 2014,28.0,"* J M Fabrics Ltd South Nayapara, 06 No. Dogri, DHAKA No No 1",alliance_2014.pdf,24.0872895,90.3464162,Alliance for Bangladesh Worker Safety,2014.0,"C&A, Primark, Marks & Spencer, PVH","Bhawal Mirzapur,, Gazipur,",Yes,,,,
Alliance 2014,28.0,Jae Mee Embotitch (PVT) Ltd Plot #92 (Partial) DEPZ Extention Savar Dhaka 1 3 No No 3 202 1,alliance_2014.pdf,,,Alliance for Bangladesh Worker Safety,2014.0,,"Area-02Ganakbari, Ashulia,",No,,,,
Alliance 2014,28.0,* Jamuna Apparels 94/95 (OLD) 46 NEW (Ground To GAZIPUR Dhaka No No 1046 2,alliance_2014.pdf,23.8942092,90.4124842,Alliance for Bangladesh Worker Safety,2014.0,"C&A, Primark, Mango, Marks & Spencer, PVH","AREA,, TONGI,GAZIPUR, GAZIPUR,",Yes,,,,
Alliance 2014,29.0,factory occupies,alliance_2014.pdf,,,Alliance for Bangladesh Worker Safety,2014.0,,"* JAY JAY MILLS (BANGLADESH) Plots #2-4 & 9-11, Sector7A, CHITTAGONG No No 1",No,,,,
Alliance 2014,29.0,PRIVATE LIMITED Chittagong Export Processsing,alliance_2014.pdf,,,Alliance for Bangladesh Worker Safety,2014.0,Mango,"Chittagong-4223,Bangladesh,",No,,,,
Alliance 2014,29.0,"* K. D. S. Garments Ind., Ltd. 255 Nasirabad IA, Baizid Bostami 3 Bld#1 is 7; No No All 2044 3",alliance_2014.pdf,,,Alliance for Bangladesh Worker Safety,2014.0,Mango,RoadChittagong Bld#2 is 10;,No,,,,
Alliance 2014,30.0,"KDS Poly Ind. Ltd. 181 Nasirabad, Baizid Bostami CHITTAGONG 2 2 No No ground floor 296 1",alliance_2014.pdf,22.9503845,91.3093409,Alliance for Bangladesh Worker Safety,2014.0,Mango,"Road, CHITTAGONG",Yes,,,,
Alliance 2014,30.0,"Knit Moon Ltd Plot – S-10, BSCIC I/A, Kalorghat, CHITTAGONG No No 1",alliance_2014.pdf,22.3245051,91.8032405,Alliance for Bangladesh Worker Safety,2014.0,Mango,"Chittagong, Bangladesh,",Yes,,,,
Alliance 2014,30.0,"KNITEX APPARELS LTD. PLOT NO. 28, 29, 30, CHITTAGONG No No 1",alliance_2014.pdf,,,Alliance for Bangladesh Worker Safety,2014.0,,"CHITTAGONG, BSCIC INDUSTRIAL",No,,,,
Alliance 2014,30.0,"* KNITIVO FASHION LTD. PLOT # A 40-41, ROAD # 01 BSCIC, NARAYANGAN 4 1/10; 3 No No Ground floor 9th 995 1",alliance_2014.pdf,,,Alliance for Bangladesh Worker Safety,2014.0,,NARAYANGANJ Area-95000 SQ.FT,No,,,,
Alliance 2014,31.0,"KWUNTONG APPARELS LTD PLOT # 59-87, ADAMJEE EXPORT DHAKA Dhaka 2 1 No No all 2350 3",alliance_2014.pdf,23.6735081,90.5184519,Alliance for Bangladesh Worker Safety,2014.0,C&A,"NAGAR, NARAYANGANJ, DHAKA,",Yes,,,,
Alliance 2014,31.0,"LANDMARK FABRICS LTD- LANDMARK COMPLEX, BARO DHAKA No No 1",alliance_2014.pdf,,,Alliance for Bangladesh Worker Safety,2014.0,"Primark, Mango, PVH","Dinatex ASHULIA, SAVAR, DHAKA, 0, BD",No,,,,
Alliance 2014,31.0,* LATIF KNITTING MILLS LTD A/111-112 BCSIC INDUSTRIAL DHAKA No No 1,alliance_2014.pdf,,,Alliance for Bangladesh Worker Safety,2014.0,,"ESTATE, FATULLAH, DHAKA, 0, BD",No,,,,
Alliance 2014,31.0,"Laundry Industries Ltd. Khazur Bagan, Bara Ashulia Dhaka Dhaka 1 1/3 We Have No No 1/3; 650 1",alliance_2014.pdf,,,Alliance for Bangladesh Worker Safety,2014.0,,(Khezurbagan)SavarDhaka. 3 Shade.,No,,,,
Alliance 2014,31.0,"LCB International (BD) Limited Plot No. 48, Sector-7Export South Chittagon No No 90 1",alliance_2014.pdf,,,Alliance for Bangladesh Worker Safety,2014.0,,Processing Zone Chittagong Halishahar g,No,,,,
Alliance 2014,32.0,"* LENNY APPARELS LIMITED 54-56, DHAKA EXPORT Dhaka 1 No No all 1350 3",alliance_2014.pdf,23.9501531,90.273225,Alliance for Bangladesh Worker Safety,2014.0,,"PROCESSING ZONE,SAVAR,",Yes,,,,
Alliance 2014,32.0,"* LENNY FASHION LTD 66-68 DEPZ, GANAK BARI, SAVAR DHAKA Dhaka no 4 No No all 1900 3",alliance_2014.pdf,,,Alliance for Bangladesh Worker Safety,2014.0,,"* LENNY FASHIONS SFB-1,DHAKA EXPORT DHAKA No No 3",No,,,,
Alliance 2014,32.0,"LIMITED(UNIT-2) PROCESSING ZONE,, GANAKBARI,,",alliance_2014.pdf,23.8477,90.2587,Alliance for Bangladesh Worker Safety,2014.0,Mango,"SAVAR, DHAKA, 0, 1349, BD",Yes,,,,
Alliance 2014,33.0,"* Liz Apparels Ltd Kunia, K.B Bazar, Gazipur Dhaka 1 7 No No 2nd,4th & 6th 3700 2",alliance_2014.pdf,,,Alliance for Bangladesh Worker Safety,2014.0,"C&A, Walmart, PVH","Targacha,Joydebpur, Gazipur",No,,,,
Alliance 2014,33.0,"Llano (BD) Ltd East Norshinghapur, Zirabo, Dhaka 1 1/1; No No 1/1; 160 1",alliance_2014.pdf,23.8477,90.2587,Alliance for Bangladesh Worker Safety,2014.0,"Mango, PVH","Savar, Dhaka.",Yes,,,,
Alliance 2014,33.0,"Loyaltex Ltd. 434,Kulgaon,Baluchara, Jalalabad, CHITTAGONG Chittagon No 1/6; No No 1/6; 522 2",alliance_2014.pdf,,,Alliance for Bangladesh Worker Safety,2014.0,,"Baizid, CHITTAGONG, 0, BD g",No,,,,
Alliance 2014,34.0,"M/S. CREATIVE SHIRTS LTD. South Panishail, Kashimpur, DHAKA No No 1",alliance_2014.pdf,,,Alliance for Bangladesh Worker Safety,2014.0,Mango,"(UNIT- 2) Gazipur, DHAKA, 0, BD",No,,,,
Alliance 2014,34.0,"M/S. Pacific Sweaters Limited 231/6 B.B. Road, Chashara, C/A, Dhaka 1 No No All 804 1",alliance_2014.pdf,23.6236732,90.4988075,Alliance for Bangladesh Worker Safety,2014.0,"Primark, Mango",Narayanganj,Yes,,,,
Alliance 2014,34.0,"M/S. Uday Sweaters Limited 123 Chashara , Masjid Road, Narayanganj Dhaka 1 6 storied Yes No 3rd ,4th & 5th Floor 250 1",alliance_2014.pdf,23.6245305,90.4959502,Alliance for Bangladesh Worker Safety,2014.0,"Primark, Mango, PVH","Jamtola, Narayanganj",Yes,,,,
Alliance 2014,34.0,"* MAGPIE KNIT WEAR LTD. PLOT # 141, YARPUR, ZIRABO, Dhaka Dhaka 2 7 stories, 02 No No All floors 1574 1",alliance_2014.pdf,,,Alliance for Bangladesh Worker Safety,2014.0,"Walmart, Mango","SAVAR, DHAKA, BANGLADESH buildings",No,,,,
Alliance 2014,34.0,"* Mahboob Apparels Ltd Kondolbag, Pukurpar, Zirabo, Dhaka Dhaka 1 1 No No 1 850 1",alliance_2014.pdf,23.8969898,90.3289577,Alliance for Bangladesh Worker Safety,2014.0,Mango,"Ashulia, Savar.",Yes,,,,
Alliance 2014,34.0,"* MAHDEEN SWEATERS LTD JAMIRDIA, VALUKA, MYMENSING, BANGLADESH No 1/4; No No 4100 1",alliance_2014.pdf,22.6839448,91.789139,Alliance for Bangladesh Worker Safety,2014.0,"Primark, Mango","BANGLADESH, 0, BD",Yes,,,,
Alliance 2014,34.0,"* Manta Apparels Ltd. Jamgora, Yearpur, Ashulia Savar, Dhaka 1 1/6; Yes No 1st & 2nd floor 4830 3",alliance_2014.pdf,23.7643863,90.3890144,Alliance for Bangladesh Worker Safety,2014.0,Mango,Dhaka,Yes,,,,
Alliance 2014,35.0,"* MARINA APPARELS LTD. DAPA, IDRAKPUR, FATULLAH, DHAKA 1 4 No No All floors 1459 1",alliance_2014.pdf,,,Alliance for Bangladesh Worker Safety,2014.0,,"NARAYANGONJ, DHAKA, Ta, BD",No,,,,
Alliance 2014,35.0,"* Mars Sportswear Ltd. Plot No. 15-16, Sector Chittagong Chittagon 1 2 No No All 832 1",alliance_2014.pdf,,,Alliance for Bangladesh Worker Safety,2014.0,,"Masco Printing & Embroidery 223 Khartail, Shataish Road Gazipur Dhaka 1 6 No No 1/6; 700 1",No,,,,
Alliance 2014,35.0,"* Mascot Fashions Ltd (Ashuliya) 146, Dewan Idris RoadZirabo, Dhaka No No No 6th Floor 850 2",alliance_2014.pdf,23.8969898,90.3289577,Alliance for Bangladesh Worker Safety,2014.0,Mango,Ashulia,Yes,,,,
Alliance 2014,35.0,"* Mascot Garments Ltd 146, Dewan Idris Road, Zirabo, Dhaka Dhaka 1 Basement, No No 6th Floor 2600 2",alliance_2014.pdf,,,Alliance for Bangladesh Worker Safety,2014.0,,"Ashulia,Dhaka Ground, 1st",No,,,,
Alliance 2014,35.0,"* MASCOTEX LIMITED MANNAN MANSION , 31/32 No No 1",alliance_2014.pdf,,,Alliance for Bangladesh Worker Safety,2014.0,"C&A, Mango","TONGI, GAZIPUR BANGLADESH",No,,,,
Alliance 2014,35.0,"* Masihata Sweaters Ltd South Panishail, BKSP, Gazipur Dhaka 8 1/6; No No 6 6019 2",alliance_2014.pdf,,,Alliance for Bangladesh Worker Safety,2014.0,"C&A, PVH",KashimpurGazipur 1/1,No,,,,
Alliance 2014,36.0,factory occupies,alliance_2014.pdf,,,Alliance for Bangladesh Worker Safety,2014.0,,"* Mastrade International 4th, 5th and 6th floor,Plot Gazipur No No 1550 1",No,,,,
Alliance 2014,36.0,"* MATRIX SWEATERS LTD. NATIONAL UNIVERSITY, DHAKA Khulna 6 1/9; 5 sheds Yes No ground to 5th 9500 2",alliance_2014.pdf,,,Alliance for Bangladesh Worker Safety,2014.0,,CHOYDANAGazipur Other info,No,,,,
Alliance 2014,36.0,"* MEDITEX INDUSTRIES LTD 912# KASHIMPUR ROAD, GAZIPUR Dhaka No No 2100 2",alliance_2014.pdf,24.0131432,90.308134,Alliance for Bangladesh Worker Safety,2014.0,"C&A, PVH","KONABARI,GAZIPUR",Yes,,,,
Alliance 2014,36.0,Medlar Apparels Ltd Vill-East NarshingpurUnion- Dhaka Dhaka No No 3400 1,alliance_2014.pdf,,,Alliance for Bangladesh Worker Safety,2014.0,PVH,"Yearpur, AshuliaSavar",No,,,,
Alliance 2014,36.0,"Mega Yarn Dyeing Mills Ltd Sardagonj, Gavindabari, Gazipur Dhaka 4 1/5 No No 1",alliance_2014.pdf,,,Alliance for Bangladesh Worker Safety,2014.0,"C&A, PVH",KashimpurGazipur 1/8,No,,,,
Alliance 2014,36.0,"Meher Garments Ltd. 68/V, SAGARIKA ROAD Chittagon No No 1",alliance_2014.pdf,,,Alliance for Bangladesh Worker Safety,2014.0,,"PAHARTALI, CHITTAGONG, g",No,,,,
Alliance 2014,36.0,"* Mehnaz Styles and Craft Ltd BANGABANDU ROAD, Dhaka Dhaka 1 1 No No 1 1550 1",alliance_2014.pdf,,,Alliance for Bangladesh Worker Safety,2014.0,"C&A, PVH","TONGABARIAshulia, Savar",No,,,,
Alliance 2014,36.0,"* MENS FASHION LIMITED 49 NP kalurghat Heavy Industrial CHITTAGONG Chittagon 2 8th & 9th Yes No Ground, 1st & 6th 1650 2",alliance_2014.pdf,,,Alliance for Bangladesh Worker Safety,2014.0,,"area, Chittagong g floor",No,,,,
Alliance 2014,36.0,"* Merimo Ltd Plot# 25-26, Sector #6 CPEZ Chittagon 1/4; Yes No 4 stories 1465 1",alliance_2014.pdf,,,Alliance for Bangladesh Worker Safety,2014.0,Mango,"CEPZ,HalishaharChittagong g",No,,,,
Alliance 2014,37.0,"* MG KNIT FLAIR LIMITED 31/1 LAXMIPURA, CHANDANA, GAZIPUR No No 1",alliance_2014.pdf,23.9980388,90.420312,Alliance for Bangladesh Worker Safety,2014.0,,"JOYDEBPUR, GAZIPUR, BD",Yes,,,,
Alliance 2014,37.0,"* MITALI FASHIONS LTD HATIMARA ROAD, BARENDA, Gazipur Dhaka 3 3 (three) No No NA 1900 2",alliance_2014.pdf,,,Alliance for Bangladesh Worker Safety,2014.0,"C&A, PVH","KASHIMPUR, GAZIPUR-1346 Building & 1",No,,,,
Alliance 2014,37.0,"* MN KNITWEARS LTD 201A, M.N.PLAZA, RAMPUR, Chittagong 1 5 No No Full building is 838 1",alliance_2014.pdf,,,Alliance for Bangladesh Worker Safety,2014.0,,"EIDGAH,D.T. ROAD, CHITTAGONG occupied by the",No,,,,
Alliance 2014,37.0,"* MODISTE (CEPZ) LTD. PLOT # 33-36 SECTOR # 07, CHITTAGONG 1 No No 2 1100 1",alliance_2014.pdf,22.333778,91.8344348,Alliance for Bangladesh Worker Safety,2014.0,Mango,"CHITTAGONG, BD",Yes,,,,
Alliance 2014,38.0,"LIMITED GAZIPUR SADAR, GAZIPUR,",alliance_2014.pdf,22.6839448,91.789139,Alliance for Bangladesh Worker Safety,2014.0,"Primark, Mango","BANGLADESH, 0, BD",Yes,,,,
Alliance 2014,38.0,"MOONTEX (P&W) LTD C&B Plot No. 94Nasirabad I/A, Chittagong Chittagon 1 1/1; No No One story 50 1",alliance_2014.pdf,,,Alliance for Bangladesh Worker Safety,2014.0,C&A,Baizid Bostami RoadChittagong g,No,,,,
Alliance 2014,38.0,"* Multi Safh Ltd Plot# 29-32, Sector 3, CEPZ, South Chittagong Chittagon 4 1 story shed No No 4 sheds 1022 2",alliance_2014.pdf,,,Alliance for Bangladesh Worker Safety,2014.0,,"Halishahar,Chittagong g",No,,,,
Alliance 2014,38.0,"* MULTIFABS LTD KASHIMPUR, NAYAPARA No No 1",alliance_2014.pdf,23.9997558,90.4173629,Alliance for Bangladesh Worker Safety,2014.0,"Primark, Mango, PVH",GAZIPUR-1741. DHAKA,Yes,,,,
Alliance 2014,38.0,"MZM Textiles Ltd Plot # 80-81,, Sector # 7,, CHITTAGONG No No 1",alliance_2014.pdf,22.3003571,91.7786702,Alliance for Bangladesh Worker Safety,2014.0,"Mango, Marks & Spencer","CEPZ,Chittagong., CHITTAGONG,",Yes,,,,
Alliance 2014,38.0,"N.K.K KNITWEAR LTD KUTUBALI, FATULLAH, DHAKA 1 6 No No all 787 1",alliance_2014.pdf,23.6236732,90.4988075,Alliance for Bangladesh Worker Safety,2014.0,"Primark, Mango","NARAYANGANJ,DHAKA, BD",Yes,,,,
Alliance 2014,38.0,"Naba exports Ltd. 9125/26 Military Pool, Shakpura, CHITTAGONG Chittagon No No 1",alliance_2014.pdf,,,Alliance for Bangladesh Worker Safety,2014.0,,"Boal khali, Chittagong, g",No,,,,
Alliance 2014,39.0,"* NANDAN APPARELS KATHORA, NATIONAL No No 1",alliance_2014.pdf,23.9997558,90.4173629,Alliance for Bangladesh Worker Safety,2014.0,"Primark, Walmart, Mango",GAZIPUR,Yes,,,,
Alliance 2014,39.0,"Need Tex CTG Ltd 154/C Rajakhal Road, East Chittagong Chittagon 1 Factory has No No Ground floor,1st 900 1",alliance_2014.pdf,,,Alliance for Bangladesh Worker Safety,2014.0,,"Bakalla,Chittagong g only one floor,2nd floor,4th",No,,,,
Alliance 2014,39.0,"* Needle Drop Ltd. 50, Chandapara, Chanpara,Bason DHAKA Dhaka 1 3 No No No 900 1",alliance_2014.pdf,,,Alliance for Bangladesh Worker Safety,2014.0,,"University,Joydebpur,Gazipur.",No,,,,
Alliance 2014,39.0,"* Newage Apparels Limited Purbo Narasinghapur, Zirabo, Dhaka No No 1",alliance_2014.pdf,23.8477,90.2587,Alliance for Bangladesh Worker Safety,2014.0,Mango,Savar,Yes,,,,
Alliance 2014,39.0,* Next Collections Limited Mouza- Ashulia Dhaka 5 Yes No 5 stories 3300 2,alliance_2014.pdf,,,Alliance for Bangladesh Worker Safety,2014.0,Mango,AshuliaSavar,No,,,,
Alliance 2014,40.0,"NOIZE JEANS LTD SHEPHERD TOWER, HOUSE 24, 2 No No 850 1",alliance_2014.pdf,23.6976316,90.4257082,Alliance for Bangladesh Worker Safety,2014.0,Mango,"DHAKA, 1230, BANGLADESH",Yes,,,,
Alliance 2014,40.0,"* ODESSA FASHION LTD Nalzani, Chandana, Joydebpur, 1 1/5; No No NA 1923 1",alliance_2014.pdf,23.9997558,90.4173629,Alliance for Bangladesh Worker Safety,2014.0,"Walmart, Mango","Gazipur, Dhaka.",Yes,,,,
Alliance 2014,40.0,"OFMA CAMP LIMITED Plot: 58-62, Sector: 1 Karnaphuly No No 750 1",alliance_2014.pdf,22.3245051,91.8032405,Alliance for Bangladesh Worker Safety,2014.0,Mango,"Chittagong, Bangladesh",Yes,,,,
Alliance 2014,41.0,"* P & O ATTIRES LTD. RIOM COMPLEX, 157, BERUN DHAKA 6 1/7; Yes No 1/5; SHED1/1; 1966 1",alliance_2014.pdf,,,Alliance for Bangladesh Worker Safety,2014.0,,"(JAMGARA),SAVAR SHED1/1; SHED2/1; SHED3/1;",No,,,,
Alliance 2014,42.0,"* P.N. Composite Limited Ambagh , Konabari, Gazipur, Gazipur Dhaka 1 8 No No 1, 4 5th floor 1800 1",alliance_2014.pdf,24.4769288,90.2934413,Alliance for Bangladesh Worker Safety,2014.0,"Primark, Mango",Bangladesh.,Yes,,,,
Alliance 2014,42.0,"PACIFIC ACCESSORIES LTD Plot #07, Sector # 05/A,CEPZ, CPEZ Chittagon 4 1/4; No No 4 storey 331 1",alliance_2014.pdf,22.333778,91.8344348,Alliance for Bangladesh Worker Safety,2014.0,Mango,Chittagong g,Yes,,,,
Alliance 2014,42.0,"* Pacific Jeans Ltd Plot# 14-19, Adjecent-14 & 36, Chittagong Chittagon 1 1/6 Yes No ""6 Storied 10579 1",alliance_2014.pdf,,,Alliance for Bangladesh Worker Safety,2014.0,,"CEPZChittagong 1/4 4 storied""",No,,,,
Alliance 2014,42.0,"* Padma Wears Ltd Plot#25,Road#4,Sector#1.EPZ Chittagong Chittagon 4th Stories Yes No Garments Division 950 2",alliance_2014.pdf,,,Alliance for Bangladesh Worker Safety,2014.0,,"ChittagongCEPZ g (Cutting,Sewing ,Fin",No,,,,
Alliance 2014,42.0,"* Panasia Sweater Ltd Aziz Chowdhury Complex-2, DHAKA No No 1",alliance_2014.pdf,,,Alliance for Bangladesh Worker Safety,2014.0,"Primark, Mango","Gazipur-1704, DHAKA, 0, BD",No,,,,
Alliance 2014,42.0,"PANMARK APPARELS PVT LTD. 34/B, Kalurghat Industrial Area, Chittagong No No 1",alliance_2014.pdf,22.3957645,91.8817398,Alliance for Bangladesh Worker Safety,2014.0,,"Kalurghat,, Chittagong, 0, 3343,",Yes,,,,
Alliance 2014,42.0,"paradise washing limited 123 Kobi Jashimuddin RoadPagar, Dhaka 2 2 Yes No 2 buildings 2 shed 400 1",alliance_2014.pdf,23.9997558,90.4173629,Alliance for Bangladesh Worker Safety,2014.0,"Primark, Walmart, Mango",Gazipur,Yes,,,,
Alliance 2014,42.0,Paramount Textile Ltd GilarchalaSreepurGazipur Gazipur Dhaka No No 1,alliance_2014.pdf,,,Alliance for Bangladesh Worker Safety,2014.0,,"Park (Bangladesh) Company Plot No. - 7 to 11, Sector - Chittagong Chittagon No No 1540 1",No,,,,
Alliance 2014,43.0,PARTEX DENIM (Factory) JANGALIA Gazipur 7 Production No No 7 850 1,alliance_2014.pdf,,,Alliance for Bangladesh Worker Safety,2014.0,,"MIRZAPUR, GAZIPUR area:",No,,,,
Alliance 2014,43.0,"* Pearl Prince Apparels Ltd. Plot#14, Block#A, Squeeb Gazipur 3 No No 1500 2",alliance_2014.pdf,23.7601665,90.401985,Alliance for Bangladesh Worker Safety,2014.0,,Ind.Area Dhaka,Yes,,,,
Alliance 2014,43.0,"* Peninsula Garments Ltd. Sector #1, Plot #46-48 Chittagong Chittagon 2/7; 5 Yes No 5 stories 4100 2",alliance_2014.pdf,,,Alliance for Bangladesh Worker Safety,2014.0,Mango,(Sunman) CEPZChittagong g,No,,,,
Alliance 2014,43.0,"* Pentagon Knit Composite Ltd. House -1, Road-9,Pagar, Dhaka No No 1",alliance_2014.pdf,23.9788269,90.3802318,Alliance for Bangladesh Worker Safety,2014.0,"Primark, Walmart, Mango","Tongi,Gazipur",Yes,,,,
Alliance 2014,43.0,"PKG - Britannia Label (BD) Ltd. Jaigir,Dholla Bazar ,Singair , Dhaka No No 100 1",alliance_2014.pdf,,,Alliance for Bangladesh Worker Safety,2014.0,,"PKG - DAF CTG ACCESSORIES Sector # 8, Plot # 1,2,3, CHITTAGONG No No 1",No,,,,
Alliance 2014,43.0,LTD. Chittagong Export Processing,alliance_2014.pdf,23.5802744,90.6510247,Alliance for Bangladesh Worker Safety,2014.0,Mango,"Zone, CHITTAGONG, 0, BD",Yes,,,,
Alliance 2014,43.0,"PKG - Thanbee Print World Ltd. Sardaganj, Kashimpur,, Gazipur,, DHAKA No No 1",alliance_2014.pdf,,,Alliance for Bangladesh Worker Safety,2014.0,,"& Parkway Packaging & Printing DHAKA, 0, BD",No,,,,
Alliance 2014,43.0,Ltd.,alliance_2014.pdf,,,Alliance for Bangladesh Worker Safety,2014.0,,"PKG- PAXAR BANGLADESH PLOT NO 167-169 DHAKA EPZ, SAVAR, No No 1",No,,,,
Alliance 2014,43.0,"LIMITED EXTENSION AREA, SAVAR, DHAKA",alliance_2014.pdf,23.7643863,90.3890144,Alliance for Bangladesh Worker Safety,2014.0,Mango,"DHAKA, 0, BD",Yes,,,,
Alliance 2014,44.0,"PKG-Babylon Trims Ltd. KANDI BOILARPUR, DHAKA 5 1 building is No No All 550 1",alliance_2014.pdf,,,Alliance for Bangladesh Worker Safety,2014.0,,"SAVAR, DHAKA, 0, BD others are",No,,,,
Alliance 2014,44.0,"PKG-KDS Accessories Ltd. 191-192 BAIZID BOSTAMI Chittagong Chittagon 1 4 No No ground , 1st and 510 1",alliance_2014.pdf,22.333778,91.8344348,Alliance for Bangladesh Worker Safety,2014.0,Mango,CHITTAGONG,Yes,,,,
Alliance 2014,44.0,"INDUSTRY LTD, HEMAYETPUR, SAVAR,",alliance_2014.pdf,24.4769288,90.2934413,Alliance for Bangladesh Worker Safety,2014.0,"Primark, Mango",BANGLADESH,Yes,,,,
Alliance 2014,44.0,"* Power Vantage Wear Ltd (3rd & 234/8, Kafrul Tower Kachukhate Dhaka 1 6 Yes Yes All floors 1407 1",alliance_2014.pdf,,,Alliance for Bangladesh Worker Safety,2014.0,,"4th Floor) RoadDhaka Cantonment, Kafrul",No,,,,
Alliance 2014,44.0,"* Premier 1888 Ltd. 41-47 & 84, Sector # 7, EPZ,, CHITTAGONG Chittagon 2 Building - No No All Floors 1130 1",alliance_2014.pdf,,,Alliance for Bangladesh Worker Safety,2014.0,,"Chittagong, Chittagong, g 1/4, 2/3,",No,,,,
Alliance 2014,44.0,"Prime Jeans Culture Ltd 32/23 Issa Khan Road, Narayanganj 1 7 No No all 919 2",alliance_2014.pdf,23.6236732,90.4988075,Alliance for Bangladesh Worker Safety,2014.0,"Primark, Mango","Narayanganj, BD",Yes,,,,
Alliance 2014,44.0,"PRIYAM GARMENTS LTD. 755, ASKARABAD, D.T. ROAD, CHITTAGONG No No 1",alliance_2014.pdf,22.333778,91.8344348,Alliance for Bangladesh Worker Safety,2014.0,Mango,"CHITTAGONG, 0, BD",Yes,,,,
Alliance 2014,45.0,"QHABOLLO FASHION INC., EAST KULGAON, BAIZID No No 1",alliance_2014.pdf,22.3245051,91.8032405,Alliance for Bangladesh Worker Safety,2014.0,Mango,"CHITTAGONG, BANGLADESH",Yes,,,,
Alliance 2014,45.0,"* R.S.B. INDUSTRIAL LIMITED Plot # 35, Sector # 4, Chittagong Chittagong Chittagon 1 4 No No Four (04) 1132 2",alliance_2014.pdf,23.2253322,90.9500961,Alliance for Bangladesh Worker Safety,2014.0,Mango,Chittagong (4223).,Yes,,,,
Alliance 2014,45.0,"Radisson Washing Plant Ltd C-126, BSCIC Industrial Gazipur No No 340 1",alliance_2014.pdf,23.8942092,90.4124842,Alliance for Bangladesh Worker Safety,2014.0,"Walmart, Mango, Marks & Spencer, PVH","Area,Tongi, Gazipur",Yes,,,,
Alliance 2014,45.0,"RANL Designer Ltd C.D.A Plot No. C-49, Sagarika Chittagong Chittagon NO N/A No No Ground floor to 5th 1036 1",alliance_2014.pdf,,,Alliance for Bangladesh Worker Safety,2014.0,,"Road,Pahartaly,Chittagong g floor",No,,,,
Alliance 2014,45.0,* RATOOL APPARELS LTD HAZIPUKU CHOIDANA IN GAOZHOU No No 1,alliance_2014.pdf,,,Alliance for Bangladesh Worker Safety,2014.0,Primark,"GAZIPUR, GAOZHOU, 0, BD",No,,,,
Alliance 2014,45.0,"* Ratul Knitwear CS, SA-41, Zirabo, Ashulia, Savar, Savar Dhaka No No 978 1",alliance_2014.pdf,23.7643863,90.3890144,Alliance for Bangladesh Worker Safety,2014.0,Mango,Dhaka.,Yes,,,,
Alliance 2014,46.0,RAYONTEX LTD PLOT-08(3RD FLOOR) No No 1,alliance_2014.pdf,,,Alliance for Bangladesh Worker Safety,2014.0,"C&A, Walmart, Mango","TOWN, DHAKA, BANGLADESH",No,,,,
Alliance 2014,46.0,"RDM APPARELS LTD. 1614/A, RAJAKHALI ROAD, BANGLADESH Chittagon No No 745 1",alliance_2014.pdf,,,Alliance for Bangladesh Worker Safety,2014.0,,"CHAKTAI BAK, BANGLADESH, 0, g",No,,,,
Alliance 2014,46.0,"Refat Garments Ltd 144-148, East Narashinghpur, Dhaka No No 1",alliance_2014.pdf,23.8969898,90.3289577,Alliance for Bangladesh Worker Safety,2014.0,Mango,"Ashulia, Savar",Yes,,,,
Alliance 2014,46.0,"* REGENCY GARMENTS LTD PLOT #7,8,9,49 SECTOR 04, CHITTAGONG 2 3 and 4 No No all 1150 1",alliance_2014.pdf,22.2981511,91.7765036,Alliance for Bangladesh Worker Safety,2014.0,"Walmart, Mango",CHITTAGONG EXPORT,Yes,,,,
Alliance 2014,46.0,"* REGENCY THREE LTD PLOT 13-18SECTOR-8CEPZ, CHITTAGONG, 1 4 No No 4 3750 1",alliance_2014.pdf,22.333778,91.8344348,Alliance for Bangladesh Worker Safety,2014.0,Mango,CHITTAGONG 0,Yes,,,,
Alliance 2014,46.0,"Reliance Washing Industries Ltd Pranharidas Road,South Kattoly, CHITTAGONG No No 92 1",alliance_2014.pdf,22.3539162,91.795589,Alliance for Bangladesh Worker Safety,2014.0,,"Pahartoli,CHITTAGONG, BD",Yes,,,,
Alliance 2014,46.0,"Rhythm Fashion Ltd 687 CDA, R/A, Road NO 20, Chittagong Chittagon 1 6 No No All floors (6 storied 850 3",alliance_2014.pdf,,,Alliance for Bangladesh Worker Safety,2014.0,,"Agrabad, Chittagong g building)",No,,,,
Alliance 2014,46.0,"RIO DESIGN LTD VITA ROAD,SECTION-7, MIRPUR,",alliance_2014.pdf,23.7643863,90.3890144,Alliance for Bangladesh Worker Safety,2014.0,Mango,DHAKA,Yes,,,,
Alliance 2014,47.0,"* Ritzy Apparels 175/A/186,Sheikh Mujib Road, No No 692 1",alliance_2014.pdf,22.333778,91.8344348,Alliance for Bangladesh Worker Safety,2014.0,Mango,Chittagong,Yes,,,,
Alliance 2014,47.0,"* Rose Sweaters Ltd (Unit 2) Vogra, By-pass Bishaw Road, Gazipur Dhaka 2 1st building No No 1st building 8th 2576 1",alliance_2014.pdf,,,Alliance for Bangladesh Worker Safety,2014.0,,"Joydevpur, Gazipur basement stroied & 2nd",No,,,,
Alliance 2014,48.0,"Sajib Fashion Wear Ltd 33/A/13/1, SSatish Sarker Road, Dhaka No No 700 1",alliance_2014.pdf,,,Alliance for Bangladesh Worker Safety,2014.0,,"Gandaria, P.S. Sutrapur, Dhaka",No,,,,
Alliance 2014,48.0,"Samia Garments Ltd RS -39/40, East sadar pur, Dhaka No No 590 1",alliance_2014.pdf,23.8969898,90.3289577,Alliance for Bangladesh Worker Safety,2014.0,Mango,"Ashulia ,Savar",Yes,,,,
Alliance 2014,48.0,"Savannah Fashion Ltd 1170/B-1, Shah Amanant Shetu Chittagong Chittagon 1 5 Yes No 1st Floor to 5th 433 1",alliance_2014.pdf,,,Alliance for Bangladesh Worker Safety,2014.0,,Savar Dyeing and Finishing Ind. 1 No No 1,No,,,,
Alliance 2014,48.0,"* Sea Tex Limited Plot # 08-09, Sector # 06, Export Chittagong 4 1/4;2/5;3/4; Yes Yes 2950 2",alliance_2014.pdf,,,Alliance for Bangladesh Worker Safety,2014.0,,"Processing Zone, Chittagong, 4/6",No,,,,
Alliance 2014,48.0,"* SGWICUS (BD) LTD. PLOT # 73, 77~80, DEPZ, DHAKA Dhaka 2 1/4; 2/3 No No Ground floor to 2nd 1700 1",alliance_2014.pdf,,,Alliance for Bangladesh Worker Safety,2014.0,"Walmart, Mango, Marks & Spencer","GANAKBARI, SAVAR, DHAKA- floor",No,,,,
Alliance 2014,49.0,"* Sharmin Apparels Ltd East Narashinghapur,P.O:Zirabo, Dhaka Dhaka No No 1",alliance_2014.pdf,,,Alliance for Bangladesh Worker Safety,2014.0,"Primark, Mango, PVH","AshuliaSavar, Dhaka -1341,",No,,,,
Alliance 2014,49.0,"* Sharmin Fashion Ltd EAST NARSHINGPURZIRABO, 1/5; S/2 No No 3850 1",alliance_2014.pdf,23.8969898,90.3289577,Alliance for Bangladesh Worker Safety,2014.0,Mango,ASHULIA,Yes,,,,
Alliance 2014,49.0,Shikder Printing Ltd. Rangs Arcade (5th floor) 153/A Dhaka No No 65 1,alliance_2014.pdf,23.7806557,90.4150805,Alliance for Bangladesh Worker Safety,2014.0,Mango,C/A Dhaka-1212,Yes,,,,
Alliance 2014,50.0,* SIMBA FASHION LTD SSFB-03 ADAMJEE EPZ DHAKA No No 2,alliance_2014.pdf,,,Alliance for Bangladesh Worker Safety,2014.0,,"SIDDIRGONJ, DHAKA, 0, BD",No,,,,
Alliance 2014,50.0,"SINHA STYLE WEARS LTD PLOT#I-3, BLOCK-C, SECTION-13 DHAKA Dhaka 2 Building # 1 No No Ground Floor to 1,040 1",alliance_2014.pdf,,,Alliance for Bangladesh Worker Safety,2014.0,,"MIRPUR DHAKA 1216,Area- is 10 storied, 11th Floor",No,,,,
Alliance 2014,50.0,"LTD. NASIRABAD INDUSTRIAL AREA, 4210 Seven",alliance_2014.pdf,,,Alliance for Bangladesh Worker Safety,2014.0,,"CHITTAGONG-4210, 0, BD Stories,",No,,,,
Alliance 2014,50.0,"* SMART JACKET (BD) LIMITED PLOT NO - 11, 12 & 13, SECTOR - CHITTAGONG 1-2fl 3 No No 1st-3rd floor 3000 3",alliance_2014.pdf,22.333778,91.8344348,Alliance for Bangladesh Worker Safety,2014.0,Mango,CHITTAGONG.,Yes,,,,
Alliance 2014,51.0,"* Smart Jeans Ltd 9/10, FIDC Road,Kalurghat Heavy Chittagong Chittagon 2 Total Yes Yes Total Building-3 2100 2",alliance_2014.pdf,,,Alliance for Bangladesh Worker Safety,2014.0,,I/AChittagong g Building-3 5 storied Building-1,No,,,,
Alliance 2014,51.0,"SONIA & SWEATERS LTD Kondolbagh, Taibpur, Ashulia Savar, Dhaka Dhaka 0 11 Yes No all floor 2500 2",alliance_2014.pdf,,,Alliance for Bangladesh Worker Safety,2014.0,,"Road, Savar, Dhaka, 0, BD",No,,,,
Alliance 2014,51.0,"Dyeing Factory Ltd 125&126109-112, Dhaka Export",alliance_2014.pdf,,,Alliance for Bangladesh Worker Safety,2014.0,"Mango, PVH","Processing ZoneGanakbari, Savar",No,,,,
Alliance 2014,51.0,"* SQ Birichina Limited SQ Station, Plot # 221-223, DHAKA 1/7; 7 No No All 550 2",alliance_2014.pdf,24.399254,90.3847655,Alliance for Bangladesh Worker Safety,2014.0,,"DHAKA, 0, 2240, BD",Yes,,,,
Alliance 2014,52.0,"Standard Group Ltd Plot 656,661 (3rd-5th floor)Jarun, Dhaka 1 11 Yes No 7 14000 2",alliance_2014.pdf,24.0120416,90.3166405,Alliance for Bangladesh Worker Safety,2014.0,"C&A, Walmart, PVH","Konabari, Gazipur Sadar",Yes,,,,
Alliance 2014,52.0,"Standard Stitches Ltd Civil Engineer City, (5th & 7th Dhaka 1 8 Yes Yes 1/Ground, First 1580 2",alliance_2014.pdf,,,Alliance for Bangladesh Worker Safety,2014.0,,Gazipur Sixth floor -West,No,,,,
Alliance 2014,52.0,"* Standard Stitches Ltd. (Woven F.F. Tower, 1 10 No No whole building 5407 2",alliance_2014.pdf,,,Alliance for Bangladesh Worker Safety,2014.0,,Unit) BaimailKonabariGazipur Shadar,No,,,,
Alliance 2014,52.0,"* STARLIGHT SWEATER LTD. VOGRA, NATIONAL UNIVERSITY, DHAKA Dhaka 1 1 No No NA 5800 1",alliance_2014.pdf,,,Alliance for Bangladesh Worker Safety,2014.0,"C&A, Primark, PVH","GAZIPUR SADAR, GAZIPUR-1704,",No,,,,
Alliance 2014,52.0,"* Sterling Denim Ltd Dhaka-Aricha Road, Dhania, Savar Dhaka 2 8 storied No No 7 storied 1",alliance_2014.pdf,,,Alliance for Bangladesh Worker Safety,2014.0,Walmart,"Nayarhat, Savar, Dhaka Zila",No,,,,
Alliance 2014,52.0,"Sterling Laundry Ltd. Dania, Nayarhat, Ashula, Savar Dhaka Sterl We have No No 1 3,689 1",alliance_2014.pdf,,,Alliance for Bangladesh Worker Safety,2014.0,,SavarDhaka only one,No,,,,
Alliance 2014,52.0,"Sterling Rinse Effects Ltd. Ward # 07, Holding No. C-3, Dhaka No No 1",alliance_2014.pdf,23.9997558,90.4173629,Alliance for Bangladesh Worker Safety,2014.0,"Primark, Walmart, Mango",Gazipur,Yes,,,,
Alliance 2014,53.0,"* STERLING STYLES LIMITED BARON,EARPUR UNION, DHAKA 1 1/7; No No full 2500 3",alliance_2014.pdf,,,Alliance for Bangladesh Worker Safety,2014.0,"Mango, PVH","ASHULIA., SAVAR, DHAKA, 0, BD",No,,,,
Alliance 2014,53.0,"LIMITED TOWER, MAZHIRGHAT,",alliance_2014.pdf,22.3245051,91.8032405,Alliance for Bangladesh Worker Safety,2014.0,Mango,"CHITTAGONG, BANGLADESH",Yes,,,,
Alliance 2014,53.0,"Stoffatex Fashions Ltd. 7/3, Khortoil,Shatais Road, Dhaka 1 1/7; Yes No 1/5,6 553 1",alliance_2014.pdf,23.9213315,90.3919787,Alliance for Bangladesh Worker Safety,2014.0,"Walmart, Mango","Gazipura,Tongi,",Yes,,,,
Alliance 2014,53.0,"* STYLECRAFT LTD. 1/1 East Chandona, Joydebpur, Gazipur Dhaka No No 5 Storied Building. 3450 1",alliance_2014.pdf,23.9997558,90.4173629,Alliance for Bangladesh Worker Safety,2014.0,"Primark, Walmart, Mango",Gazipur-1700,Yes,,,,
Alliance 2014,53.0,"Sun Seed Apparel Ltd Ka 60, Joar Shahara BazarBadda Dhaka 2 5 Yes No all 3629 1",alliance_2014.pdf,,,Alliance for Bangladesh Worker Safety,2014.0,,"Sun Washing Plant 08, Panwala Para, Agrabad Chittagong Dhaka No No 105 1",No,,,,
Alliance 2014,54.0,"* SUPREME STITCH LTD West Shaildube, Kashimpur,, Gazipur Dhaka 1 3 No No Ground floor, 1st 842 1",alliance_2014.pdf,,,Alliance for Bangladesh Worker Safety,2014.0,,"Gazipur, ., 0, BD floor & 2nd floor",No,,,,
Alliance 2014,54.0,"Sweater Cottage Ltd. Bada Kalmasher.K.B. Bazar, No No 1000 1",alliance_2014.pdf,23.9997558,90.4173629,Alliance for Bangladesh Worker Safety,2014.0,"Primark, Walmart, Mango",Gazipur-1704,Yes,,,,
Alliance 2014,54.0,"* Talisman, Ltd. Plot 7-10 & 13-16, DEPZ Savar Dhaka 0 2 No No Ground and 1st 3209 1",alliance_2014.pdf,,,Alliance for Bangladesh Worker Safety,2014.0,Mango,AshuliaSavar,No,,,,
Alliance 2014,54.0,"Tariq Azim Textile Mills Ltd Plot# 33-36, Road# 4, Sector# Chittagong No No 915 1",alliance_2014.pdf,,,Alliance for Bangladesh Worker Safety,2014.0,Marks & Spencer,1Chittagong Export processing,No,,,,
Alliance 2014,54.0,"* TAUFIQ SWEATER LTD. WEST MASDAIR, FATULLAH, NARAYANGAN Dhaka 1 1/10; No No ground floor to 9th 930 1",alliance_2014.pdf,,,Alliance for Bangladesh Worker Safety,2014.0,,"NARAYANGANJ 1400,area-80,000 J floor",No,,,,
Alliance 2014,54.0,"TECHNO DRESS LTD MUNNA COMPLEX, 228 No No 1",alliance_2014.pdf,22.3245051,91.8032405,Alliance for Bangladesh Worker Safety,2014.0,Mango,"CHITTAGONG, BANGLADESH",Yes,,,,
Alliance 2014,55.0,factory occupies,alliance_2014.pdf,23.7847012,90.3968614,Alliance for Bangladesh Worker Safety,2014.0,,"DOHS, MOHAKHALI, DHAKA, BD,",Yes,,,,
Alliance 2014,55.0,"TEXTNET CONSORTIUM LTD HOUSE # 396, 1ST FLOOR, ROAD, No No 1",alliance_2014.pdf,,,Alliance for Bangladesh Worker Safety,2014.0,Mango,"DHAKA-1206, BANGLADESH",No,,,,
Alliance 2014,55.0,"* That's It Knit Ltd 59,South, panishail,Zirani Gazipur Dhaka 5 1/1,2/1 No No All 1438 1",alliance_2014.pdf,24.0095518,90.3206286,Alliance for Bangladesh Worker Safety,2014.0,"C&A, Primark, Marks & Spencer, PVH","Bazar,Kashimpur, Gazipur",Yes,,,,
Alliance 2014,55.0,* That's It Sports Wear Ltd 147-148 East Dhaka Dhaka 10 storied Yes No All floors 8000 5,alliance_2014.pdf,,,Alliance for Bangladesh Worker Safety,2014.0,PVH,NarasinghpurAshuliaSavar,No,,,,
Alliance 2014,55.0,* THE CIVIL ENGINEERS LIMITED 401/B TEJGAON INDUSTRIAL BANGLADESH Dhaka 2 12 Storied No No Ground Floor - 7th 1470 3,alliance_2014.pdf,,,Alliance for Bangladesh Worker Safety,2014.0,,AREADHAKA-1208 Floor,No,,,,
Alliance 2014,55.0,"The Civil Engineers Ltd (Woven 8,9,159,& 160 Dhaka No No 1880 1",alliance_2014.pdf,,,Alliance for Bangladesh Worker Safety,2014.0,"Mango, PVH","Hemayatpur, Savar",No,,,,
Alliance 2014,55.0,* The Dacca Dyeing Garments Ltd 2 New Eskaton RoadDhaka Dhaka Dhaka 1 5 No No All 1074 1,alliance_2014.pdf,,,Alliance for Bangladesh Worker Safety,2014.0,,* THE DELTA COMPOSITE ZARUN Gazipur Dhaka 5 No No 5 2969 1,No,,,,
Alliance 2014,56.0,"The Need Apparels (PVT.) Ltd 154/C Rajakhal Road, East Chittagong 5 Yes No gr to 3rd floor 900 2",alliance_2014.pdf,,,Alliance for Bangladesh Worker Safety,2014.0,Mango,"Bakalla,Chittagong",No,,,,
Alliance 2014,56.0,"* The Rose Dresses Ltd Jamgara, Diakhali, Yearpur, Dhaka 1 6 No No 4900 1",alliance_2014.pdf,,,Alliance for Bangladesh Worker Safety,2014.0,,"Asulia, SavarConcord Tower,",No,,,,
Alliance 2014,56.0,"factory building, EPZ,",alliance_2014.pdf,22.333778,91.8344348,Alliance for Bangladesh Worker Safety,2014.0,Mango,"CHITTAGONG, 0, BD",Yes,,,,
Alliance 2014,56.0,"Titas Sportswear Ind. Ltd YMA Building Plot # 7-20, Sector Chittagong Chittagon 2 No No all 4338 1",alliance_2014.pdf,,,Alliance for Bangladesh Worker Safety,2014.0,Marks & Spencer,"#3,Chittagong Export Processing g",No,,,,
Alliance 2014,56.0,LTD. Bangladesh.,alliance_2014.pdf,,,Alliance for Bangladesh Worker Safety,2014.0,,"* Total Fashion Kamtal, BarparaThana- Narayangonj Dhaka 1 1/3; No No 1/3; 833 1",No,,,,
Alliance 2014,56.0,"Toy Woods (BD) Co Ltd Sector 4, Plot No 31, Chittagong 1 4 No No all 826 1",alliance_2014.pdf,,,Alliance for Bangladesh Worker Safety,2014.0,Mango,CEPZChittagong,No,,,,
Alliance 2014,56.0,"* Trouser Line Ltd TOYEBPUR, YARPUR,Ashulia, ASHULIA Dhaka 1/3; Yes No 3 storied 1800 3",alliance_2014.pdf,,,Alliance for Bangladesh Worker Safety,2014.0,Mango,SavarDhaka,No,,,,
Alliance 2014,56.0,"* TRZ Garments Industry Ltd. Gacha Road, In front of Gacha Gazipur No No 2440 1",alliance_2014.pdf,,,Alliance for Bangladesh Worker Safety,2014.0,Walmart,"TechnGacha, Gazipur Sadar",No,,,,
Alliance 2014,57.0,* Tusuka Trousers Ltd KonabariNeelnagar Gazipur Dhaka 9 No No 6 floors 2400 1,alliance_2014.pdf,,,Alliance for Bangladesh Worker Safety,2014.0,,"UFO JEANS (BANGLADESH) 152/3-B, FIROZ TOWER, 6TH No No 1",No,,,,
Alliance 2014,57.0,"UNI GARMENTS LTD. 80, NASIRABAD I/A, CHITTAGONG No No 1",alliance_2014.pdf,22.333778,91.8344348,Alliance for Bangladesh Worker Safety,2014.0,Mango,"CHITTAGONG, BD",Yes,,,,
Alliance 2014,57.0,"UNIBRA WEAR LIMITED 80 NASIRABAD INDUSTRIAL AREA, CHITTAGONG 1 Building-1 (4 Yes No 2nd & 3rd floor of 4 1400 1",alliance_2014.pdf,,,Alliance for Bangladesh Worker Safety,2014.0,,"CHITTAGONG, 4210, BD storied),Buil storied building.",No,,,,
Alliance 2014,58.0,"* United Trousers, Ltd. 20,Bangabondhu Savar Dhaka No No One two story 1800 1",alliance_2014.pdf,,,Alliance for Bangladesh Worker Safety,2014.0,PVH,"Road,Gouripur,Ashulia,Dhaka- building",No,,,,
Alliance 2014,58.0,"* Universal Jeans Ltd Plot 9-11, Sector 6/AExport Chittagong Chittagon 2 2 Yes No ""7 Storied 9500 1",alliance_2014.pdf,,,Alliance for Bangladesh Worker Safety,2014.0,,Processing ZoneChittagong g 4 storied,No,,,,
Alliance 2014,58.0,"* Univogue Garments Co. Ltd Plot 1-5, Sector-1/A, Chittagong 2 Bld#1 is No No Entire building 1350 4",alliance_2014.pdf,,,Alliance for Bangladesh Worker Safety,2014.0,,"EPZChittagong EPZ, Chittagong shade i.e. 1;",No,,,,
Alliance 2014,58.0,"* UTAH FASHIONS LTD SOUTH SALNAShalna Bazar, Gazipur 1 7 No No 1st floor to 6th 3000 1",alliance_2014.pdf,,,Alliance for Bangladesh Worker Safety,2014.0,"Walmart, Mango",Gazipur floor,No,,,,
Alliance 2014,58.0,"* V & R Fashions Ltd Plot No SA 434, RS No 567, Engr. Dhaka No No 1130 1",alliance_2014.pdf,,,Alliance for Bangladesh Worker Safety,2014.0,,"Bagan, Vogra, Gazipur",No,,,,
Alliance 2014,58.0,"VALIANT GARMENTS LTD, 572 STRAND ROAD, CHITTAGONG No No 1",alliance_2014.pdf,,,Alliance for Bangladesh Worker Safety,2014.0,,"VALIANT FASHION WEAR CHITTAGONG, 0, 4000, BD",No,,,,
Alliance 2014,59.0,"VANGUARD PACKAGES LIMITED FOUZDERHAT, SMALL IND.ESTATE",alliance_2014.pdf,22.3245531,91.8040827,Alliance for Bangladesh Worker Safety,2014.0,Mango,"CHITTAGONG,BANGLADESH,",Yes,,,,
Alliance 2014,59.0,"* Vertex Innovative Apparels Ltd. Forkan Tower360/A, Bitak Chittagong Chittagon No No 1",alliance_2014.pdf,,,Alliance for Bangladesh Worker Safety,2014.0,,"Vintage Print & Arrow Labels 33/1, DarailShataishTongi Gazipur Dhaka No No ground floor 63 1",No,,,,
Alliance 2014,59.0,"* Virtual Bottoms Limited Plot S.A. - 179, RS-1356 (Ground Dhaka Dhaka No No 1060 1",alliance_2014.pdf,,,Alliance for Bangladesh Worker Safety,2014.0,"C&A, PVH","Floor)Jamgara, Ashulia,Savar",No,,,,
Alliance 2014,59.0,"* WALTZ FASHIONS LTD BADSHAMIA SCHOOL RD, DHAKA No No 1",alliance_2014.pdf,23.9494693,90.3775051,Alliance for Bangladesh Worker Safety,2014.0,Mango,"UNIVERSITY, GAZIPUR, , DHAKA,",Yes,,,,
Alliance 2014,59.0,"Wash Line Ltd 140, Nasirabad Industrial Area, Chttagong 1 No No ground fl 42 2",alliance_2014.pdf,,,Alliance for Bangladesh Worker Safety,2014.0,Mango,"P.S., BayzidChittagong",No,,,,
Alliance 2014,59.0,"* WELFORM APPARELS LTD Plot 44-46, Dhaka Export, DHAKA No No 1",alliance_2014.pdf,23.8477,90.2587,Alliance for Bangladesh Worker Safety,2014.0,,"Savar, DHAKA, 0, BD",Yes,,,,
Alliance 2014,60.0,"* Well Fashion Ltd A-23-24-25-26,BSCIC,Industrial 5 No No 3rd 822 2",alliance_2014.pdf,,,Alliance for Bangladesh Worker Safety,2014.0,,"Estate,Kalurghat,Chittagong",No,,,,
Alliance 2014,60.0,"Mart Ltd 8(Part),BSCIC,Industrial",alliance_2014.pdf,,,Alliance for Bangladesh Worker Safety,2014.0,,"Estate,Kalurghat,Chittagong.",No,,,,
Alliance 2014,60.0,"* Whitex Garments (BD) Pvt. Ltd. Plot No.86-90, KarnaphuliExport Chittagong No No 1366 3",alliance_2014.pdf,,,Alliance for Bangladesh Worker Safety,2014.0,,"(Chittagong) Processing Zn, North Potenga",No,,,,
Alliance 2014,60.0,"* Winsome Knit Composite Ltd Kakil, Sataish, Mudafa, Bhadam Tongi Dhaka No No 371 1",alliance_2014.pdf,23.9149932,90.4073281,Alliance for Bangladesh Worker Safety,2014.0,"Walmart, Mango, PVH","Road, Tongi, Gazipur",Yes,,,,
Alliance 2014,60.0,Xin Chang Shoes (BD) Limited Plot: 47-52&68-73 KEPZ North Chittagong Chittagon No No 1003 1,alliance_2014.pdf,,,Alliance for Bangladesh Worker Safety,2014.0,,"Young An Hat (Bangladesh) CEPZ, Plot No 47-52, Sector No Chittagong No No 1098 1",No,,,,
Alliance 2014,60.0,"Youngone (CEPZ) Ltd [Extension Plot :7-8, Sector-02,Chittagong Chittagong No No 3100 1",alliance_2014.pdf,,,Alliance for Bangladesh Worker Safety,2014.0,,"YoungOne Group (CEPZ) Plot # 11-16 & 3-6, Sector # Chittagong 2 1/1 (with No No - 9382 3",No,,,,
Alliance 2014,61.0,factory occupies,alliance_2014.pdf,,,Alliance for Bangladesh Worker Safety,2014.0,,"Youngone Sports Shoe Plot # 1-2, Road # 1, Sector # 2 Chittagong No No 1",No,,,,
Alliance 2014,61.0,"Industries Ltd. (unit 5 & 6) (unit 5), Chittagong Export",alliance_2014.pdf,,,Alliance for Bangladesh Worker Safety,2014.0,,"sector # 2 (unit 6), Chittagong",No,,,,
Alliance 2014,61.0,"* Your Fashion Sweater Ltd. Gilarchala, Gorgaria Master bari Sreepur, 1 5 No No whole building, 5 1650 1",alliance_2014.pdf,,,Alliance for Bangladesh Worker Safety,2014.0,,Gazipur stories,No,,,,
Alliance 2014,61.0,"Z-3 COMPOSITE KNITWEAR LTD. 62,KATHGARA, DHAKA Dhaka 1 1/7; No No All 1650 2",alliance_2014.pdf,23.9136011,90.3183728,Alliance for Bangladesh Worker Safety,2014.0,PVH,"ZIRABO,ASHULIA,SAVAR",Yes,,,,
Alliance 2014,61.0,"ZAF SWEATER & GARMENTS LTD BANIARCHALA, VOBANIPUR, No No 1",alliance_2014.pdf,24.0872895,90.3464162,Alliance for Bangladesh Worker Safety,2014.0,"C&A, Primark, PVH","MIRZAPUR, GAZIPUR,",Yes,,,,
Alliance 2014,61.0,"ZEE-3 Washing Ltd 62, Katgara, Zirabo, Ashulia, Dhaka B/2, with No Yes B/2, with ETP 100 1",alliance_2014.pdf,,,Alliance for Bangladesh Worker Safety,2014.0,Mango,Dhaka-1341 Bangladesh ETP,No,,,,
Alliance 2014,62.0,"ZSB GARMENTS LTD. SHIRIR CHALA, BHAGER BAZAR, BANGLADESH No No 1",alliance_2014.pdf,,,Alliance for Bangladesh Worker Safety,2014.0,"Primark, Walmart, PVH","JOYDEVPUR, GAZIPUR,",No,,,,
Alliance 2014,62.0,"Zuma Fashion Limited Extension South Panishail, Kashimpur, Gazipur Dhaka 1 4 stories No No 1100 1",alliance_2014.pdf,,,Alliance for Bangladesh Worker Safety,2014.0,,"Joydebpur, Gazipur, DHAKA, 0, Building",No,,,,
